0,1
0,2
0,3
0,4
0,5
0,6
0,7
0,8
0,9
0,10
0,11
0,12
0,13
0,14
0,15
0,16
0,17
0,18
0,19
1,0
1,2
1,3
1,4
1,5
1,6
1,7
1,8
1,9
1,10
1,11
1,12
1,13
1,14
1,15
1,16
1,17
1,18
1,19
2,0
2,1
2,3
2,4
2,5
2,6
2,7
2,8
2,9
2,10
2,11
2,12
2,13
2,14
2,15
2,16
2,17
2,18
2,19
3,0
3,1
3,2
3,4
3,5
3,6
3,7
3,8
3,9
3,10
3,11
3,12
3,13
3,14
3,15
3,16
3,17
3,18
3,19
4,0
4,1
4,2
4,3
4,5
4,6
4,7
4,8
4,9
4,10
4,11
4,12
4,13
4,14
4,15
4,16
4,17
4,18
4,19
5,0
5,1
5,2
5,3
5,4
5,6
5,7
5,8
5,9
5,10
5,11
5,12
5,13
5,14
5,15
5,16
5,17
5,18
5,19
6,0
6,1
6,2
6,3
6,4
6,5
6,7
6,8
6,9
6,10
6,11
6,12
6,13
6,14
6,15
6,16
6,17
6,18
6,19
7,0
7,1
7,2
7,3
7,4
7,5
7,6
7,8
7,9
7,10
7,11
7,12
7,13
7,14
7,15
7,16
7,17
7,18
7,19
8,0
8,1
8,2
8,3
8,4
8,5
8,6
8,7
8,9
8,10
8,11
8,12
8,13
8,14
8,15
8,16
8,17
8,18
8,19
9,0
9,1
9,2
9,3
9,4
9,5
9,6
9,7
9,8
9,10
9,11
9,12
9,13
9,14
9,15
9,16
9,17
9,18
9,19
10,0
10,1
10,2
10,3
10,4
10,5
10,6
10,7
10,8
10,9
10,11
10,12
10,13
10,14
10,15
10,16
10,17
10,18
10,19
11,0
11,1
11,2
11,3
11,4
11,5
11,6
11,7
11,8
11,9
11,10
11,12
11,13
11,14
11,15
11,16
11,17
11,18
11,19
12,0
12,1
12,2
12,3
12,4
12,5
12,6
12,7
12,8
12,9
12,10
12,11
12,13
12,14
12,15
12,16
12,17
12,18
12,19
13,0
13,1
13,2
13,3
13,4
13,5
13,6
13,7
13,8
13,9
13,10
13,11
13,12
13,14
13,15
13,16
13,17
13,18
13,19
14,0
14,1
14,2
14,3
14,4
14,5
14,6
14,7
14,8
14,9
14,10
14,11
14,12
14,13
14,15
14,16
14,17
14,18
14,19
15,0
15,1
15,2
15,3
15,4
15,5
15,6
15,7
15,8
15,9
15,10
15,11
15,12
15,13
15,14
15,16
15,17
15,18
15,19
16,0
16,1
16,2
16,3
16,4
16,5
16,6
16,7
16,8
16,9
16,10
16,11
16,12
16,13
16,14
16,15
16,17
16,18
16,19
17,0
17,1
17,2
17,3
17,4
17,5
17,6
17,7
17,8
17,9
17,10
17,11
17,12
17,13
17,14
17,15
17,16
17,18
17,19
18,0
18,1
18,2
18,3
18,4
18,5
18,6
18,7
18,8
18,9
18,10
18,11
18,12
18,13
18,14
18,15
18,16
18,17
18,19
19,0
19,1
19,2
19,3
19,4
19,5
19,6
19,7
19,8
19,9
19,10
19,11
19,12
19,13
19,14
19,15
19,16
19,17
19,18
20,21
20,22
20,23
20,24
20,25
20,26
20,27
20,28
20,29
20,30
20,31
20,32
20,33
20,34
20,35
20,36
20,37
20,38
20,39
21,20
21,22
21,23
21,24
21,25
21,26
21,27
21,28
21,29
21,30
21,31
21,32
21,33
21,34
21,35
21,36
21,37
21,38
21,39
22,20
22,21
22,23
22,24
22,25
22,26
22,27
22,28
22,29
22,30
22,31
22,32
22,33
22,34
22,35
22,36
22,37
22,38
22,39
23,20
23,21
23,22
23,24
23,25
23,26
23,27
23,28
23,29
23,30
23,31
23,32
23,33
23,34
23,35
23,36
23,37
23,38
23,39
24,20
24,21
24,22
24,23
24,25
24,26
24,27
24,28
24,29
24,30
24,31
24,32
24,33
24,34
24,35
24,36
24,37
24,38
24,39
25,20
25,21
25,22
25,23
25,24
25,26
25,27
25,28
25,29
25,30
25,31
25,32
25,33
25,34
25,35
25,36
25,37
25,38
25,39
26,20
26,21
26,22
26,23
26,24
26,25
26,27
26,28
26,29
26,30
26,31
26,32
26,33
26,34
26,35
26,36
26,37
26,38
26,39
27,20
27,21
27,22
27,23
27,24
27,25
27,26
27,28
27,29
27,30
27,31
27,32
27,33
27,34
27,35
27,36
27,37
27,38
27,39
28,20
28,21
28,22
28,23
28,24
28,25
28,26
28,27
28,29
28,30
28,31
28,32
28,33
28,34
28,35
28,36
28,37
28,38
28,39
29,20
29,21
29,22
29,23
29,24
29,25
29,26
29,27
29,28
29,30
29,31
29,32
29,33
29,34
29,35
29,36
29,37
29,38
29,39
30,20
30,21
30,22
30,23
30,24
30,25
30,26
30,27
30,28
30,29
30,31
30,32
30,33
30,34
30,35
30,36
30,37
30,38
30,39
31,20
31,21
31,22
31,23
31,24
31,25
31,26
31,27
31,28
31,29
31,30
31,32
31,33
31,34
31,35
31,36
31,37
31,38
31,39
32,20
32,21
32,22
32,23
32,24
32,25
32,26
32,27
32,28
32,29
32,30
32,31
32,33
32,34
32,35
32,36
32,37
32,38
32,39
33,20
33,21
33,22
33,23
33,24
33,25
33,26
33,27
33,28
33,29
33,30
33,31
33,32
33,34
33,35
33,36
33,37
33,38
33,39
34,20
34,21
34,22
34,23
34,24
34,25
34,26
34,27
34,28
34,29
34,30
34,31
34,32
34,33
34,35
34,36
34,37
34,38
34,39
35,20
35,21
35,22
35,23
35,24
35,25
35,26
35,27
35,28
35,29
35,30
35,31
35,32
35,33
35,34
35,36
35,37
35,38
35,39
36,20
36,21
36,22
36,23
36,24
36,25
36,26
36,27
36,28
36,29
36,30
36,31
36,32
36,33
36,34
36,35
36,37
36,38
36,39
37,20
37,21
37,22
37,23
37,24
37,25
37,26
37,27
37,28
37,29
37,30
37,31
37,32
37,33
37,34
37,35
37,36
37,38
37,39
38,20
38,21
38,22
38,23
38,24
38,25
38,26
38,27
38,28
38,29
38,30
38,31
38,32
38,33
38,34
38,35
38,36
38,37
38,39
39,20
39,21
39,22
39,23
39,24
39,25
39,26
39,27
39,28
39,29
39,30
39,31
39,32
39,33
39,34
39,35
39,36
39,37
39,38
40,41
40,42
40,43
40,44
40,45
40,46
40,47
40,48
40,49
40,50
40,51
40,52
40,53
40,54
40,55
40,56
40,57
40,58
40,59
40,60
40,61
40,62
40,63
40,64
40,65
40,66
40,67
40,68
40,69
40,70
40,71
40,72
40,73
40,74
40,75
40,76
40,77
40,78
40,79
40,80
40,81
40,82
40,83
40,84
40,85
40,86
40,87
40,88
40,89
40,90
40,91
40,92
40,93
40,94
40,95
40,96
40,97
40,98
40,99
41,40
41,42
41,43
41,44
41,45
41,46
41,47
41,48
41,49
41,50
41,51
41,52
41,53
41,54
41,55
41,56
41,57
41,58
41,59
41,60
41,61
41,62
41,63
41,64
41,65
41,66
41,67
41,68
41,69
41,70
41,71
41,72
41,73
41,74
41,75
41,76
41,77
41,78
41,79
41,80
41,81
41,82
41,83
41,84
41,85
41,86
41,87
41,88
41,89
41,90
41,91
41,92
41,93
41,94
41,95
41,96
41,97
41,98
41,99
42,40
42,41
42,43
42,44
42,45
42,46
42,47
42,48
42,49
42,50
42,51
42,52
42,53
42,54
42,55
42,56
42,57
42,58
42,59
42,60
42,61
42,62
42,63
42,64
42,65
42,66
42,67
42,68
42,69
42,70
42,71
42,72
42,73
42,74
42,75
42,76
42,77
42,78
42,79
42,80
42,81
42,82
42,83
42,84
42,85
42,86
42,87
42,88
42,89
42,90
42,91
42,92
42,93
42,94
42,95
42,96
42,97
42,98
42,99
43,40
43,41
43,42
43,44
43,45
43,46
43,47
43,48
43,49
43,50
43,51
43,52
43,53
43,54
43,55
43,56
43,57
43,58
43,59
43,60
43,61
43,62
43,63
43,64
43,65
43,66
43,67
43,68
43,69
43,70
43,71
43,72
43,73
43,74
43,75
43,76
43,77
43,78
43,79
43,80
43,81
43,82
43,83
43,84
43,85
43,86
43,87
43,88
43,89
43,90
43,91
43,92
43,93
43,94
43,95
43,96
43,97
43,98
43,99
44,40
44,41
44,42
44,43
44,45
44,46
44,47
44,48
44,49
44,50
44,51
44,52
44,53
44,54
44,55
44,56
44,57
44,58
44,59
44,60
44,61
44,62
44,63
44,64
44,65
44,66
44,67
44,68
44,69
44,70
44,71
44,72
44,73
44,74
44,75
44,76
44,77
44,78
44,79
44,80
44,81
44,82
44,83
44,84
44,85
44,86
44,87
44,88
44,89
44,90
44,91
44,92
44,93
44,94
44,95
44,96
44,97
44,98
44,99
45,40
45,41
45,42
45,43
45,44
45,46
45,47
45,48
45,49
45,50
45,51
45,52
45,53
45,54
45,55
45,56
45,57
45,58
45,59
45,60
45,61
45,62
45,63
45,64
45,65
45,66
45,67
45,68
45,69
45,70
45,71
45,72
45,73
45,74
45,75
45,76
45,77
45,78
45,79
45,80
45,81
45,82
45,83
45,84
45,85
45,86
45,87
45,88
45,89
45,90
45,91
45,92
45,93
45,94
45,95
45,96
45,97
45,98
45,99
46,40
46,41
46,42
46,43
46,44
46,45
46,47
46,48
46,49
46,50
46,51
46,52
46,53
46,54
46,55
46,56
46,57
46,58
46,59
46,60
46,61
46,62
46,63
46,64
46,65
46,66
46,67
46,68
46,69
46,70
46,71
46,72
46,73
46,74
46,75
46,76
46,77
46,78
46,79
46,80
46,81
46,82
46,83
46,84
46,85
46,86
46,87
46,88
46,89
46,90
46,91
46,92
46,93
46,94
46,95
46,96
46,97
46,98
46,99
47,40
47,41
47,42
47,43
47,44
47,45
47,46
47,48
47,49
47,50
47,51
47,52
47,53
47,54
47,55
47,56
47,57
47,58
47,59
47,60
47,61
47,62
47,63
47,64
47,65
47,66
47,67
47,68
47,69
47,70
47,71
47,72
47,73
47,74
47,75
47,76
47,77
47,78
47,79
47,80
47,81
47,82
47,83
47,84
47,85
47,86
47,87
47,88
47,89
47,90
47,91
47,92
47,93
47,94
47,95
47,96
47,97
47,98
47,99
48,40
48,41
48,42
48,43
48,44
48,45
48,46
48,47
48,49
48,50
48,51
48,52
48,53
48,54
48,55
48,56
48,57
48,58
48,59
48,60
48,61
48,62
48,63
48,64
48,65
48,66
48,67
48,68
48,69
48,70
48,71
48,72
48,73
48,74
48,75
48,76
48,77
48,78
48,79
48,80
48,81
48,82
48,83
48,84
48,85
48,86
48,87
48,88
48,89
48,90
48,91
48,92
48,93
48,94
48,95
48,96
48,97
48,98
48,99
49,40
49,41
49,42
49,43
49,44
49,45
49,46
49,47
49,48
49,50
49,51
49,52
49,53
49,54
49,55
49,56
49,57
49,58
49,59
49,60
49,61
49,62
49,63
49,64
49,65
49,66
49,67
49,68
49,69
49,70
49,71
49,72
49,73
49,74
49,75
49,76
49,77
49,78
49,79
49,80
49,81
49,82
49,83
49,84
49,85
49,86
49,87
49,88
49,89
49,90
49,91
49,92
49,93
49,94
49,95
49,96
49,97
49,98
49,99
50,40
50,41
50,42
50,43
50,44
50,45
50,46
50,47
50,48
50,49
50,51
50,52
50,53
50,54
50,55
50,56
50,57
50,58
50,59
50,60
50,61
50,62
50,63
50,64
50,65
50,66
50,67
50,68
50,69
50,70
50,71
50,72
50,73
50,74
50,75
50,76
50,77
50,78
50,79
50,80
50,81
50,82
50,83
50,84
50,85
50,86
50,87
50,88
50,89
50,90
50,91
50,92
50,93
50,94
50,95
50,96
50,97
50,98
50,99
51,40
51,41
51,42
51,43
51,44
51,45
51,46
51,47
51,48
51,49
51,50
51,52
51,53
51,54
51,55
51,56
51,57
51,58
51,59
51,60
51,61
51,62
51,63
51,64
51,65
51,66
51,67
51,68
51,69
51,70
51,71
51,72
51,73
51,74
51,75
51,76
51,77
51,78
51,79
51,80
51,81
51,82
51,83
51,84
51,85
51,86
51,87
51,88
51,89
51,90
51,91
51,92
51,93
51,94
51,95
51,96
51,97
51,98
51,99
52,40
52,41
52,42
52,43
52,44
52,45
52,46
52,47
52,48
52,49
52,50
52,51
52,53
52,54
52,55
52,56
52,57
52,58
52,59
52,60
52,61
52,62
52,63
52,64
52,65
52,66
52,67
52,68
52,69
52,70
52,71
52,72
52,73
52,74
52,75
52,76
52,77
52,78
52,79
52,80
52,81
52,82
52,83
52,84
52,85
52,86
52,87
52,88
52,89
52,90
52,91
52,92
52,93
52,94
52,95
52,96
52,97
52,98
52,99
53,40
53,41
53,42
53,43
53,44
53,45
53,46
53,47
53,48
53,49
53,50
53,51
53,52
53,54
53,55
53,56
53,57
53,58
53,59
53,60
53,61
53,62
53,63
53,64
53,65
53,66
53,67
53,68
53,69
53,70
53,71
53,72
53,73
53,74
53,75
53,76
53,77
53,78
53,79
53,80
53,81
53,82
53,83
53,84
53,85
53,86
53,87
53,88
53,89
53,90
53,91
53,92
53,93
53,94
53,95
53,96
53,97
53,98
53,99
54,40
54,41
54,42
54,43
54,44
54,45
54,46
54,47
54,48
54,49
54,50
54,51
54,52
54,53
54,55
54,56
54,57
54,58
54,59
54,60
54,61
54,62
54,63
54,64
54,65
54,66
54,67
54,68
54,69
54,70
54,71
54,72
54,73
54,74
54,75
54,76
54,77
54,78
54,79
54,80
54,81
54,82
54,83
54,84
54,85
54,86
54,87
54,88
54,89
54,90
54,91
54,92
54,93
54,94
54,95
54,96
54,97
54,98
54,99
55,40
55,41
55,42
55,43
55,44
55,45
55,46
55,47
55,48
55,49
55,50
55,51
55,52
55,53
55,54
55,56
55,57
55,58
55,59
55,60
55,61
55,62
55,63
55,64
55,65
55,66
55,67
55,68
55,69
55,70
55,71
55,72
55,73
55,74
55,75
55,76
55,77
55,78
55,79
55,80
55,81
55,82
55,83
55,84
55,85
55,86
55,87
55,88
55,89
55,90
55,91
55,92
55,93
55,94
55,95
55,96
55,97
55,98
55,99
56,40
56,41
56,42
56,43
56,44
56,45
56,46
56,47
56,48
56,49
56,50
56,51
56,52
56,53
56,54
56,55
56,57
56,58
56,59
56,60
56,61
56,62
56,63
56,64
56,65
56,66
56,67
56,68
56,69
56,70
56,71
56,72
56,73
56,74
56,75
56,76
56,77
56,78
56,79
56,80
56,81
56,82
56,83
56,84
56,85
56,86
56,87
56,88
56,89
56,90
56,91
56,92
56,93
56,94
56,95
56,96
56,97
56,98
56,99
57,40
57,41
57,42
57,43
57,44
57,45
57,46
57,47
57,48
57,49
57,50
57,51
57,52
57,53
57,54
57,55
57,56
57,58
57,59
57,60
57,61
57,62
57,63
57,64
57,65
57,66
57,67
57,68
57,69
57,70
57,71
57,72
57,73
57,74
57,75
57,76
57,77
57,78
57,79
57,80
57,81
57,82
57,83
57,84
57,85
57,86
57,87
57,88
57,89
57,90
57,91
57,92
57,93
57,94
57,95
57,96
57,97
57,98
57,99
58,40
58,41
58,42
58,43
58,44
58,45
58,46
58,47
58,48
58,49
58,50
58,51
58,52
58,53
58,54
58,55
58,56
58,57
58,59
58,60
58,61
58,62
58,63
58,64
58,65
58,66
58,67
58,68
58,69
58,70
58,71
58,72
58,73
58,74
58,75
58,76
58,77
58,78
58,79
58,80
58,81
58,82
58,83
58,84
58,85
58,86
58,87
58,88
58,89
58,90
58,91
58,92
58,93
58,94
58,95
58,96
58,97
58,98
58,99
59,40
59,41
59,42
59,43
59,44
59,45
59,46
59,47
59,48
59,49
59,50
59,51
59,52
59,53
59,54
59,55
59,56
59,57
59,58
59,60
59,61
59,62
59,63
59,64
59,65
59,66
59,67
59,68
59,69
59,70
59,71
59,72
59,73
59,74
59,75
59,76
59,77
59,78
59,79
59,80
59,81
59,82
59,83
59,84
59,85
59,86
59,87
59,88
59,89
59,90
59,91
59,92
59,93
59,94
59,95
59,96
59,97
59,98
59,99
60,40
60,41
60,42
60,43
60,44
60,45
60,46
60,47
60,48
60,49
60,50
60,51
60,52
60,53
60,54
60,55
60,56
60,57
60,58
60,59
60,61
60,62
60,63
60,64
60,65
60,66
60,67
60,68
60,69
60,70
60,71
60,72
60,73
60,74
60,75
60,76
60,77
60,78
60,79
60,80
60,81
60,82
60,83
60,84
60,85
60,86
60,87
60,88
60,89
60,90
60,91
60,92
60,93
60,94
60,95
60,96
60,97
60,98
60,99
61,40
61,41
61,42
61,43
61,44
61,45
61,46
61,47
61,48
61,49
61,50
61,51
61,52
61,53
61,54
61,55
61,56
61,57
61,58
61,59
61,60
61,62
61,63
61,64
61,65
61,66
61,67
61,68
61,69
61,70
61,71
61,72
61,73
61,74
61,75
61,76
61,77
61,78
61,79
61,80
61,81
61,82
61,83
61,84
61,85
61,86
61,87
61,88
61,89
61,90
61,91
61,92
61,93
61,94
61,95
61,96
61,97
61,98
61,99
62,40
62,41
62,42
62,43
62,44
62,45
62,46
62,47
62,48
62,49
62,50
62,51
62,52
62,53
62,54
62,55
62,56
62,57
62,58
62,59
62,60
62,61
62,63
62,64
62,65
62,66
62,67
62,68
62,69
62,70
62,71
62,72
62,73
62,74
62,75
62,76
62,77
62,78
62,79
62,80
62,81
62,82
62,83
62,84
62,85
62,86
62,87
62,88
62,89
62,90
62,91
62,92
62,93
62,94
62,95
62,96
62,97
62,98
62,99
63,40
63,41
63,42
63,43
63,44
63,45
63,46
63,47
63,48
63,49
63,50
63,51
63,52
63,53
63,54
63,55
63,56
63,57
63,58
63,59
63,60
63,61
63,62
63,64
63,65
63,66
63,67
63,68
63,69
63,70
63,71
63,72
63,73
63,74
63,75
63,76
63,77
63,78
63,79
63,80
63,81
63,82
63,83
63,84
63,85
63,86
63,87
63,88
63,89
63,90
63,91
63,92
63,93
63,94
63,95
63,96
63,97
63,98
63,99
64,40
64,41
64,42
64,43
64,44
64,45
64,46
64,47
64,48
64,49
64,50
64,51
64,52
64,53
64,54
64,55
64,56
64,57
64,58
64,59
64,60
64,61
64,62
64,63
64,65
64,66
64,67
64,68
64,69
64,70
64,71
64,72
64,73
64,74
64,75
64,76
64,77
64,78
64,79
64,80
64,81
64,82
64,83
64,84
64,85
64,86
64,87
64,88
64,89
64,90
64,91
64,92
64,93
64,94
64,95
64,96
64,97
64,98
64,99
65,40
65,41
65,42
65,43
65,44
65,45
65,46
65,47
65,48
65,49
65,50
65,51
65,52
65,53
65,54
65,55
65,56
65,57
65,58
65,59
65,60
65,61
65,62
65,63
65,64
65,66
65,67
65,68
65,69
65,70
65,71
65,72
65,73
65,74
65,75
65,76
65,77
65,78
65,79
65,80
65,81
65,82
65,83
65,84
65,85
65,86
65,87
65,88
65,89
65,90
65,91
65,92
65,93
65,94
65,95
65,96
65,97
65,98
65,99
66,40
66,41
66,42
66,43
66,44
66,45
66,46
66,47
66,48
66,49
66,50
66,51
66,52
66,53
66,54
66,55
66,56
66,57
66,58
66,59
66,60
66,61
66,62
66,63
66,64
66,65
66,67
66,68
66,69
66,70
66,71
66,72
66,73
66,74
66,75
66,76
66,77
66,78
66,79
66,80
66,81
66,82
66,83
66,84
66,85
66,86
66,87
66,88
66,89
66,90
66,91
66,92
66,93
66,94
66,95
66,96
66,97
66,98
66,99
67,40
67,41
67,42
67,43
67,44
67,45
67,46
67,47
67,48
67,49
67,50
67,51
67,52
67,53
67,54
67,55
67,56
67,57
67,58
67,59
67,60
67,61
67,62
67,63
67,64
67,65
67,66
67,68
67,69
67,70
67,71
67,72
67,73
67,74
67,75
67,76
67,77
67,78
67,79
67,80
67,81
67,82
67,83
67,84
67,85
67,86
67,87
67,88
67,89
67,90
67,91
67,92
67,93
67,94
67,95
67,96
67,97
67,98
67,99
68,40
68,41
68,42
68,43
68,44
68,45
68,46
68,47
68,48
68,49
68,50
68,51
68,52
68,53
68,54
68,55
68,56
68,57
68,58
68,59
68,60
68,61
68,62
68,63
68,64
68,65
68,66
68,67
68,69
68,70
68,71
68,72
68,73
68,74
68,75
68,76
68,77
68,78
68,79
68,80
68,81
68,82
68,83
68,84
68,85
68,86
68,87
68,88
68,89
68,90
68,91
68,92
68,93
68,94
68,95
68,96
68,97
68,98
68,99
69,40
69,41
69,42
69,43
69,44
69,45
69,46
69,47
69,48
69,49
69,50
69,51
69,52
69,53
69,54
69,55
69,56
69,57
69,58
69,59
69,60
69,61
69,62
69,63
69,64
69,65
69,66
69,67
69,68
69,70
69,71
69,72
69,73
69,74
69,75
69,76
69,77
69,78
69,79
69,80
69,81
69,82
69,83
69,84
69,85
69,86
69,87
69,88
69,89
69,90
69,91
69,92
69,93
69,94
69,95
69,96
69,97
69,98
69,99
70,40
70,41
70,42
70,43
70,44
70,45
70,46
70,47
70,48
70,49
70,50
70,51
70,52
70,53
70,54
70,55
70,56
70,57
70,58
70,59
70,60
70,61
70,62
70,63
70,64
70,65
70,66
70,67
70,68
70,69
70,71
70,72
70,73
70,74
70,75
70,76
70,77
70,78
70,79
70,80
70,81
70,82
70,83
70,84
70,85
70,86
70,87
70,88
70,89
70,90
70,91
70,92
70,93
70,94
70,95
70,96
70,97
70,98
70,99
71,40
71,41
71,42
71,43
71,44
71,45
71,46
71,47
71,48
71,49
71,50
71,51
71,52
71,53
71,54
71,55
71,56
71,57
71,58
71,59
71,60
71,61
71,62
71,63
71,64
71,65
71,66
71,67
71,68
71,69
71,70
71,72
71,73
71,74
71,75
71,76
71,77
71,78
71,79
71,80
71,81
71,82
71,83
71,84
71,85
71,86
71,87
71,88
71,89
71,90
71,91
71,92
71,93
71,94
71,95
71,96
71,97
71,98
71,99
72,40
72,41
72,42
72,43
72,44
72,45
72,46
72,47
72,48
72,49
72,50
72,51
72,52
72,53
72,54
72,55
72,56
72,57
72,58
72,59
72,60
72,61
72,62
72,63
72,64
72,65
72,66
72,67
72,68
72,69
72,70
72,71
72,73
72,74
72,75
72,76
72,77
72,78
72,79
72,80
72,81
72,82
72,83
72,84
72,85
72,86
72,87
72,88
72,89
72,90
72,91
72,92
72,93
72,94
72,95
72,96
72,97
72,98
72,99
73,40
73,41
73,42
73,43
73,44
73,45
73,46
73,47
73,48
73,49
73,50
73,51
73,52
73,53
73,54
73,55
73,56
73,57
73,58
73,59
73,60
73,61
73,62
73,63
73,64
73,65
73,66
73,67
73,68
73,69
73,70
73,71
73,72
73,74
73,75
73,76
73,77
73,78
73,79
73,80
73,81
73,82
73,83
73,84
73,85
73,86
73,87
73,88
73,89
73,90
73,91
73,92
73,93
73,94
73,95
73,96
73,97
73,98
73,99
74,40
74,41
74,42
74,43
74,44
74,45
74,46
74,47
74,48
74,49
74,50
74,51
74,52
74,53
74,54
74,55
74,56
74,57
74,58
74,59
74,60
74,61
74,62
74,63
74,64
74,65
74,66
74,67
74,68
74,69
74,70
74,71
74,72
74,73
74,75
74,76
74,77
74,78
74,79
74,80
74,81
74,82
74,83
74,84
74,85
74,86
74,87
74,88
74,89
74,90
74,91
74,92
74,93
74,94
74,95
74,96
74,97
74,98
74,99
75,40
75,41
75,42
75,43
75,44
75,45
75,46
75,47
75,48
75,49
75,50
75,51
75,52
75,53
75,54
75,55
75,56
75,57
75,58
75,59
75,60
75,61
75,62
75,63
75,64
75,65
75,66
75,67
75,68
75,69
75,70
75,71
75,72
75,73
75,74
75,76
75,77
75,78
75,79
75,80
75,81
75,82
75,83
75,84
75,85
75,86
75,87
75,88
75,89
75,90
75,91
75,92
75,93
75,94
75,95
75,96
75,97
75,98
75,99
76,40
76,41
76,42
76,43
76,44
76,45
76,46
76,47
76,48
76,49
76,50
76,51
76,52
76,53
76,54
76,55
76,56
76,57
76,58
76,59
76,60
76,61
76,62
76,63
76,64
76,65
76,66
76,67
76,68
76,69
76,70
76,71
76,72
76,73
76,74
76,75
76,77
76,78
76,79
76,80
76,81
76,82
76,83
76,84
76,85
76,86
76,87
76,88
76,89
76,90
76,91
76,92
76,93
76,94
76,95
76,96
76,97
76,98
76,99
77,40
77,41
77,42
77,43
77,44
77,45
77,46
77,47
77,48
77,49
77,50
77,51
77,52
77,53
77,54
77,55
77,56
77,57
77,58
77,59
77,60
77,61
77,62
77,63
77,64
77,65
77,66
77,67
77,68
77,69
77,70
77,71
77,72
77,73
77,74
77,75
77,76
77,78
77,79
77,80
77,81
77,82
77,83
77,84
77,85
77,86
77,87
77,88
77,89
77,90
77,91
77,92
77,93
77,94
77,95
77,96
77,97
77,98
77,99
78,40
78,41
78,42
78,43
78,44
78,45
78,46
78,47
78,48
78,49
78,50
78,51
78,52
78,53
78,54
78,55
78,56
78,57
78,58
78,59
78,60
78,61
78,62
78,63
78,64
78,65
78,66
78,67
78,68
78,69
78,70
78,71
78,72
78,73
78,74
78,75
78,76
78,77
78,79
78,80
78,81
78,82
78,83
78,84
78,85
78,86
78,87
78,88
78,89
78,90
78,91
78,92
78,93
78,94
78,95
78,96
78,97
78,98
78,99
79,40
79,41
79,42
79,43
79,44
79,45
79,46
79,47
79,48
79,49
79,50
79,51
79,52
79,53
79,54
79,55
79,56
79,57
79,58
79,59
79,60
79,61
79,62
79,63
79,64
79,65
79,66
79,67
79,68
79,69
79,70
79,71
79,72
79,73
79,74
79,75
79,76
79,77
79,78
79,80
79,81
79,82
79,83
79,84
79,85
79,86
79,87
79,88
79,89
79,90
79,91
79,92
79,93
79,94
79,95
79,96
79,97
79,98
79,99
80,40
80,41
80,42
80,43
80,44
80,45
80,46
80,47
80,48
80,49
80,50
80,51
80,52
80,53
80,54
80,55
80,56
80,57
80,58
80,59
80,60
80,61
80,62
80,63
80,64
80,65
80,66
80,67
80,68
80,69
80,70
80,71
80,72
80,73
80,74
80,75
80,76
80,77
80,78
80,79
80,81
80,82
80,83
80,84
80,85
80,86
80,87
80,88
80,89
80,90
80,91
80,92
80,93
80,94
80,95
80,96
80,97
80,98
80,99
81,40
81,41
81,42
81,43
81,44
81,45
81,46
81,47
81,48
81,49
81,50
81,51
81,52
81,53
81,54
81,55
81,56
81,57
81,58
81,59
81,60
81,61
81,62
81,63
81,64
81,65
81,66
81,67
81,68
81,69
81,70
81,71
81,72
81,73
81,74
81,75
81,76
81,77
81,78
81,79
81,80
81,82
81,83
81,84
81,85
81,86
81,87
81,88
81,89
81,90
81,91
81,92
81,93
81,94
81,95
81,96
81,97
81,98
81,99
82,40
82,41
82,42
82,43
82,44
82,45
82,46
82,47
82,48
82,49
82,50
82,51
82,52
82,53
82,54
82,55
82,56
82,57
82,58
82,59
82,60
82,61
82,62
82,63
82,64
82,65
82,66
82,67
82,68
82,69
82,70
82,71
82,72
82,73
82,74
82,75
82,76
82,77
82,78
82,79
82,80
82,81
82,83
82,84
82,85
82,86
82,87
82,88
82,89
82,90
82,91
82,92
82,93
82,94
82,95
82,96
82,97
82,98
82,99
83,40
83,41
83,42
83,43
83,44
83,45
83,46
83,47
83,48
83,49
83,50
83,51
83,52
83,53
83,54
83,55
83,56
83,57
83,58
83,59
83,60
83,61
83,62
83,63
83,64
83,65
83,66
83,67
83,68
83,69
83,70
83,71
83,72
83,73
83,74
83,75
83,76
83,77
83,78
83,79
83,80
83,81
83,82
83,84
83,85
83,86
83,87
83,88
83,89
83,90
83,91
83,92
83,93
83,94
83,95
83,96
83,97
83,98
83,99
84,40
84,41
84,42
84,43
84,44
84,45
84,46
84,47
84,48
84,49
84,50
84,51
84,52
84,53
84,54
84,55
84,56
84,57
84,58
84,59
84,60
84,61
84,62
84,63
84,64
84,65
84,66
84,67
84,68
84,69
84,70
84,71
84,72
84,73
84,74
84,75
84,76
84,77
84,78
84,79
84,80
84,81
84,82
84,83
84,85
84,86
84,87
84,88
84,89
84,90
84,91
84,92
84,93
84,94
84,95
84,96
84,97
84,98
84,99
85,40
85,41
85,42
85,43
85,44
85,45
85,46
85,47
85,48
85,49
85,50
85,51
85,52
85,53
85,54
85,55
85,56
85,57
85,58
85,59
85,60
85,61
85,62
85,63
85,64
85,65
85,66
85,67
85,68
85,69
85,70
85,71
85,72
85,73
85,74
85,75
85,76
85,77
85,78
85,79
85,80
85,81
85,82
85,83
85,84
85,86
85,87
85,88
85,89
85,90
85,91
85,92
85,93
85,94
85,95
85,96
85,97
85,98
85,99
86,40
86,41
86,42
86,43
86,44
86,45
86,46
86,47
86,48
86,49
86,50
86,51
86,52
86,53
86,54
86,55
86,56
86,57
86,58
86,59
86,60
86,61
86,62
86,63
86,64
86,65
86,66
86,67
86,68
86,69
86,70
86,71
86,72
86,73
86,74
86,75
86,76
86,77
86,78
86,79
86,80
86,81
86,82
86,83
86,84
86,85
86,87
86,88
86,89
86,90
86,91
86,92
86,93
86,94
86,95
86,96
86,97
86,98
86,99
87,40
87,41
87,42
87,43
87,44
87,45
87,46
87,47
87,48
87,49
87,50
87,51
87,52
87,53
87,54
87,55
87,56
87,57
87,58
87,59
87,60
87,61
87,62
87,63
87,64
87,65
87,66
87,67
87,68
87,69
87,70
87,71
87,72
87,73
87,74
87,75
87,76
87,77
87,78
87,79
87,80
87,81
87,82
87,83
87,84
87,85
87,86
87,88
87,89
87,90
87,91
87,92
87,93
87,94
87,95
87,96
87,97
87,98
87,99
88,40
88,41
88,42
88,43
88,44
88,45
88,46
88,47
88,48
88,49
88,50
88,51
88,52
88,53
88,54
88,55
88,56
88,57
88,58
88,59
88,60
88,61
88,62
88,63
88,64
88,65
88,66
88,67
88,68
88,69
88,70
88,71
88,72
88,73
88,74
88,75
88,76
88,77
88,78
88,79
88,80
88,81
88,82
88,83
88,84
88,85
88,86
88,87
88,89
88,90
88,91
88,92
88,93
88,94
88,95
88,96
88,97
88,98
88,99
89,40
89,41
89,42
89,43
89,44
89,45
89,46
89,47
89,48
89,49
89,50
89,51
89,52
89,53
89,54
89,55
89,56
89,57
89,58
89,59
89,60
89,61
89,62
89,63
89,64
89,65
89,66
89,67
89,68
89,69
89,70
89,71
89,72
89,73
89,74
89,75
89,76
89,77
89,78
89,79
89,80
89,81
89,82
89,83
89,84
89,85
89,86
89,87
89,88
89,90
89,91
89,92
89,93
89,94
89,95
89,96
89,97
89,98
89,99
90,40
90,41
90,42
90,43
90,44
90,45
90,46
90,47
90,48
90,49
90,50
90,51
90,52
90,53
90,54
90,55
90,56
90,57
90,58
90,59
90,60
90,61
90,62
90,63
90,64
90,65
90,66
90,67
90,68
90,69
90,70
90,71
90,72
90,73
90,74
90,75
90,76
90,77
90,78
90,79
90,80
90,81
90,82
90,83
90,84
90,85
90,86
90,87
90,88
90,89
90,91
90,92
90,93
90,94
90,95
90,96
90,97
90,98
90,99
91,40
91,41
91,42
91,43
91,44
91,45
91,46
91,47
91,48
91,49
91,50
91,51
91,52
91,53
91,54
91,55
91,56
91,57
91,58
91,59
91,60
91,61
91,62
91,63
91,64
91,65
91,66
91,67
91,68
91,69
91,70
91,71
91,72
91,73
91,74
91,75
91,76
91,77
91,78
91,79
91,80
91,81
91,82
91,83
91,84
91,85
91,86
91,87
91,88
91,89
91,90
91,92
91,93
91,94
91,95
91,96
91,97
91,98
91,99
92,40
92,41
92,42
92,43
92,44
92,45
92,46
92,47
92,48
92,49
92,50
92,51
92,52
92,53
92,54
92,55
92,56
92,57
92,58
92,59
92,60
92,61
92,62
92,63
92,64
92,65
92,66
92,67
92,68
92,69
92,70
92,71
92,72
92,73
92,74
92,75
92,76
92,77
92,78
92,79
92,80
92,81
92,82
92,83
92,84
92,85
92,86
92,87
92,88
92,89
92,90
92,91
92,93
92,94
92,95
92,96
92,97
92,98
92,99
93,40
93,41
93,42
93,43
93,44
93,45
93,46
93,47
93,48
93,49
93,50
93,51
93,52
93,53
93,54
93,55
93,56
93,57
93,58
93,59
93,60
93,61
93,62
93,63
93,64
93,65
93,66
93,67
93,68
93,69
93,70
93,71
93,72
93,73
93,74
93,75
93,76
93,77
93,78
93,79
93,80
93,81
93,82
93,83
93,84
93,85
93,86
93,87
93,88
93,89
93,90
93,91
93,92
93,94
93,95
93,96
93,97
93,98
93,99
94,40
94,41
94,42
94,43
94,44
94,45
94,46
94,47
94,48
94,49
94,50
94,51
94,52
94,53
94,54
94,55
94,56
94,57
94,58
94,59
94,60
94,61
94,62
94,63
94,64
94,65
94,66
94,67
94,68
94,69
94,70
94,71
94,72
94,73
94,74
94,75
94,76
94,77
94,78
94,79
94,80
94,81
94,82
94,83
94,84
94,85
94,86
94,87
94,88
94,89
94,90
94,91
94,92
94,93
94,95
94,96
94,97
94,98
94,99
95,40
95,41
95,42
95,43
95,44
95,45
95,46
95,47
95,48
95,49
95,50
95,51
95,52
95,53
95,54
95,55
95,56
95,57
95,58
95,59
95,60
95,61
95,62
95,63
95,64
95,65
95,66
95,67
95,68
95,69
95,70
95,71
95,72
95,73
95,74
95,75
95,76
95,77
95,78
95,79
95,80
95,81
95,82
95,83
95,84
95,85
95,86
95,87
95,88
95,89
95,90
95,91
95,92
95,93
95,94
95,96
95,97
95,98
95,99
96,40
96,41
96,42
96,43
96,44
96,45
96,46
96,47
96,48
96,49
96,50
96,51
96,52
96,53
96,54
96,55
96,56
96,57
96,58
96,59
96,60
96,61
96,62
96,63
96,64
96,65
96,66
96,67
96,68
96,69
96,70
96,71
96,72
96,73
96,74
96,75
96,76
96,77
96,78
96,79
96,80
96,81
96,82
96,83
96,84
96,85
96,86
96,87
96,88
96,89
96,90
96,91
96,92
96,93
96,94
96,95
96,97
96,98
96,99
97,40
97,41
97,42
97,43
97,44
97,45
97,46
97,47
97,48
97,49
97,50
97,51
97,52
97,53
97,54
97,55
97,56
97,57
97,58
97,59
97,60
97,61
97,62
97,63
97,64
97,65
97,66
97,67
97,68
97,69
97,70
97,71
97,72
97,73
97,74
97,75
97,76
97,77
97,78
97,79
97,80
97,81
97,82
97,83
97,84
97,85
97,86
97,87
97,88
97,89
97,90
97,91
97,92
97,93
97,94
97,95
97,96
97,98
97,99
98,40
98,41
98,42
98,43
98,44
98,45
98,46
98,47
98,48
98,49
98,50
98,51
98,52
98,53
98,54
98,55
98,56
98,57
98,58
98,59
98,60
98,61
98,62
98,63
98,64
98,65
98,66
98,67
98,68
98,69
98,70
98,71
98,72
98,73
98,74
98,75
98,76
98,77
98,78
98,79
98,80
98,81
98,82
98,83
98,84
98,85
98,86
98,87
98,88
98,89
98,90
98,91
98,92
98,93
98,94
98,95
98,96
98,97
98,99
99,40
99,41
99,42
99,43
99,44
99,45
99,46
99,47
99,48
99,49
99,50
99,51
99,52
99,53
99,54
99,55
99,56
99,57
99,58
99,59
99,60
99,61
99,62
99,63
99,64
99,65
99,66
99,67
99,68
99,69
99,70
99,71
99,72
99,73
99,74
99,75
99,76
99,77
99,78
99,79
99,80
99,81
99,82
99,83
99,84
99,85
99,86
99,87
99,88
99,89
99,90
99,91
99,92
99,93
99,94
99,95
99,96
99,97
99,98
